 URL : "https://github.com/pingcap/tidb/issues/5100" TITLE : bigint iota query failed BODY : mysql mysql> create table t1 a bigint unsigned not null, primary key a ; query ok, 0 rows affected 0.30 sec mysql> insert into t1 values 18446744073709551615 , 0xfffffffffffffffe , 18446744073709551613 , 18446744073709551612 ; query ok, 4 rows affected 0.04 sec records: 4 duplicates: 0 warnings: 0 mysql> select from t1; +----------------------+ | a | +----------------------+ | 18446744073709551612 | | 18446744073709551613 | | 18446744073709551614 | | 18446744073709551615 | +----------------------+ 4 rows in set 0.00 sec mysql> select from t1 where a=18446744073709551615; +----------------------+ | a | +----------------------+ | 18446744073709551615 | +----------------------+ 1 row in set 0.00 sec tidb mysql> create table t1 a bigint unsigned not null, primary key a ; query ok, 0 rows affected 0.02 sec mysql> insert into t1 values 18446744073709551615 , 0xfffffffffffffffe , 18446744073709551613 , 18446744073709551612 ; query ok, 4 rows affected 0.00 sec mysql> select from t1; +----------------------+ | a | +----------------------+ | 18446744073709551612 | | 18446744073709551613 | | 18446744073709551614 | | 18446744073709551615 | +----------------------+ 4 rows in set 0.00 sec mysql> select from t1 where a=18446744073709551615; error 1690 22003 : constant 18446744073709551615 overflows bigint bigint iota query failed